-- phpMyAdmin SQL Dump
-- version 4.5.4.1deb2ubuntu2
-- http://www.phpmyadmin.net
--
-- Хост: localhost
-- Время создания: Мар 23 2018 г., 18:59
-- Версия сервера: 5.7.21-0ubuntu0.16.04.1
-- Версия PHP: 7.0.25-0ubuntu0.16.04.1

SET SQL_MODE = "NO_AUTO_VALUE_ON_ZERO";
SET time_zone = "+00:00";


/*!40101 SET @OLD_CHARACTER_SET_CLIENT=@@CHARACTER_SET_CLIENT */;
/*!40101 SET @OLD_CHARACTER_SET_RESULTS=@@CHARACTER_SET_RESULTS */;
/*!40101 SET @OLD_COLLATION_CONNECTION=@@COLLATION_CONNECTION */;
/*!40101 SET NAMES utf8mb4 */;

--
-- База данных: `dreamhouse`
--

-- --------------------------------------------------------

--
-- Структура таблицы `cat`
--

CREATE TABLE `cat` (
  `cat_id` int(11) NOT NULL,
  `cat_name` varchar(255) NOT NULL,
  `cat_parent_id` int(11) DEFAULT NULL,
  `cat_trash` int(11) NOT NULL DEFAULT '0'
) ENGINE=InnoDB DEFAULT CHARSET=utf8;

-- --------------------------------------------------------

--
-- Структура таблицы `gallery`
--

CREATE TABLE `gallery` (
  `gallery_id` int(11) NOT NULL,
  `gallery_title` varchar(255) NOT NULL,
  `gallery_desc` text,
  `gallery_thumbnail` varchar(255) NOT NULL,
  `gallery_trash` int(11) NOT NULL DEFAULT '0'
) ENGINE=InnoDB DEFAULT CHARSET=utf8;

-- --------------------------------------------------------

--
-- Структура таблицы `gallery_pic`
--

CREATE TABLE `gallery_pic` (
  `gallery_pic_id` int(11) NOT NULL,
  `gallery_pic_gallery_id` int(11) NOT NULL,
  `gallery_pic_pic` varchar(255) NOT NULL,
  `gallery_pic_trash` int(11) NOT NULL DEFAULT '0'
) ENGINE=InnoDB DEFAULT CHARSET=utf8;

-- --------------------------------------------------------

--
-- Структура таблицы `price`
--

CREATE TABLE `price` (
  `price_id` int(11) NOT NULL,
  `price_cat` varchar(255) NOT NULL,
  `price_name` varchar(255) NOT NULL,
  `price_unit_id` int(11) DEFAULT NULL,
  `price_price` varchar(255) NOT NULL DEFAULT 'Договорная',
  `price_trash` int(11) NOT NULL DEFAULT '0'
) ENGINE=InnoDB DEFAULT CHARSET=utf8;

--
-- Дамп данных таблицы `price`
--

INSERT INTO `price` (`price_id`, `price_cat`, `price_name`, `price_unit_id`, `price_price`, `price_trash`) VALUES
(1, '1', 'Снятие обоев', 1, '15', 0),
(2, '1', 'Снятие масляной краски со стен', 1, '30', 0),
(3, '1', 'Оббивка штукатурки', 1, '30', 0),
(4, '1', 'Нанесение насечки на стену', 1, '20', 0),
(5, '1', 'Демонтаж кирпичных перегородок в кирпич', 1, '150', 0),
(6, '1', 'Демонтаж деревянных перегородок', 1, '50', 0),
(7, '1', 'Демонтаж деревянных шкафов, антресолей и т.д', 3, '50', 0),
(8, '1', 'Демонтаж конструкций из ГКЛ', 1, '40', 0),
(9, '1', 'Демонтаж керамической плитки', 1, '40', 0),
(10, '1', 'Демонтаж вагонки ПВХ или деревянной', 1, '30', 0),
(11, '1', 'Смывка побелки', 1, '30', 0),
(12, '1', 'Демонтаж потолков ГКЛ, дерево, ПВХ, МДФ', 1, '30', 0),
(13, '1', 'Демонтаж стяжки', 1, '40', 0),
(14, '1', 'Демонтаж напольных покрытий (паркет, ламинат, лаги, линолеум)', 1, '30', 0),
(15, '1', 'Демонтаж старого окна с коробкой', 3, '250', 0),
(16, '1', 'Демонтаж бетонного подоконника', 3, '150', 0),
(17, '1', 'Демонтаж ванны чугунной с выносом', 3, '400', 0),
(18, '1', 'Демонтаж унитаза', 3, '150', 0),
(19, '1', 'Демонтаж душевой кабины', 3, '250', 0),
(20, '1', 'Вынос, погрузка, вывоз мусора', 0, 'ДОГОВОРНАЯ', 0),
(21, '2', 'Временная защитная застилка полов, картоном с проклейкой скетчем', 1, '10', 0),
(22, '2', 'Устройство гидроизоляции рубироидом в 1слой', 1, '20', 0),
(23, '2', 'Устройство лент изоляции по периметру', 2, '10', 0),
(24, '2', 'Укладка минеральной ваты', 1, '35', 0),
(25, '2', 'Утепление пола теплоизоляционными плитами', 1, '30', 0),
(26, '2', 'Укладка и заливка керамзита', 1, '30', 0),
(27, '2', 'Устройство цементно-песчаной стяжки до 100 мм.', 1, '100', 0),
(28, '2', 'Армирование стяжки сеткой', 1, '15', 0),
(29, '2', 'Самовыравнивающая стяжка', 1, '45', 0),
(30, '2', 'Укладка линолеума', 1, '50', 0),
(31, '2', 'Укладка ковролина', 1, '60', 0),
(32, '2', 'Монтаж лаг на пол.', 1, '50', 0),
(33, '2', 'Укладка фанеры в один слой', 1, '40', 0),
(34, '2', 'Настил доски', 1, '70', 0),
(35, '2', 'Циклевка старого паркета', 1, '60', 0),
(36, '2', 'Лакировка паркета 3 раза', 1, '60', 0),
(37, '2', 'Покраска дощатых полов', 1, '30', 0),
(38, '2', 'Укладка ламината (с устройством подложки)', 1, '60', 0),
(39, '2', 'Укладка ламината по диагонали', 1, '90', 0),
(40, '2', 'Укладка паркетной доски с проклейкой замков клеем', 1, '100', 0),
(41, '2', 'Укладка штучного паркета', 7, 'Договорная', 0),
(42, '2', 'Установка деревянного плінтуса', 2, '60', 0),
(43, '2', 'Установка пластиковог плинтуса', 2, '40', 0),
(44, '2', 'Покраска плинтуса', 2, '20', 0),
(45, '2', 'Установка порожков', 2, '50', 0),
(46, '3', 'Звукоизоляция потолка минеральной ватой', 1, '40', 0),
(47, '3', 'Устройство паро-гидро изоляции', 1, '20', 0),
(48, '3', 'Устройство подвесного потолка из ГКЛ', 1, '150', 0),
(49, '3', 'Устройство короба потолочного из ГКЛ', 2, '120', 0),
(50, '3', 'Изготовление ниши под штору', 2, '100', 0),
(51, '3', 'Устройство многоуровнего потолка из ГКЛ', 7, 'Договорная', 0),
(52, '3', 'Монтаж деревянной вагонки', 1, '150', 0),
(53, '3', 'Монтаж ОСБ, фанеры на потолок', 1, '60', 0),
(54, '3', 'Установка уголков и тд', 2, '25', 0),
(55, '3', 'Монтаж пластиковой, МДФ вагонки', 1, '150', 0),
(56, '3', 'Устройство потолка типа "Армстронг"', 1, '100', 0),
(57, '4', 'Звукоизоляция и утепление стен', 1, '50', 0),
(58, '4', 'Устройство перегородок из ГКЛ (в один лист)', 1, '150', 0),
(59, '4', 'Устройство перегородок из ГКЛ (в два листа)', 1, '200', 0),
(60, '4', 'Устройство перегородок из блоков 100мм', 1, '160', 0),
(61, '4', 'Устройство фальш стен из ГКЛ', 1, '100', 0),
(62, '4', 'Устройство декоративных элементов', 7, 'Договорная', 0),
(63, '4', 'Устройство откосов из ГКЛ', 2, '100', 0),
(64, '4', 'Укладка стеклоблоков', 3, '150', 0),
(65, '4', 'Установка ПВХ уголков старт', 2, '20', 0),
(66, '4', 'Отделка стен деревянной вагонкой', 1, '150', 0),
(67, '4', 'Монтаж пластиковой, МДФ вагонки', 1, '150', 0),
(68, '4', 'Установка окон', 3, '400', 0),
(69, '4', 'Установка дверей', 3, '400', 0),
(70, '5', 'Грунтовка', 1, '10', 0),
(71, '5', 'Штукатурка потолков по маякам', 1, '150', 0),
(72, '5', 'Шпаклевка потолка под покраску', 1, '100', 0),
(73, '5', 'Шпаклевка короба потолочного под покраску', 2, '120', 0),
(74, '5', 'Шпаклевка ниши под штору', 2, '80', 0),
(75, '5', 'Штукатурка стен по маякам', 1, '90', 0),
(76, '5', 'Визуальное выравнивание плоскости под правило', 1, '60', 0),
(77, '5', 'Выравнивание внутренних углов под правило', 2, '70', 0),
(78, '5', 'Установка перфорированных уголков', 2, '20', 0),
(79, '5', 'Проклейка серпянкой стыков ГКЛ', 2, '15', 0),
(80, '5', 'Заделка штроб', 2, '20', 0),
(81, '5', 'Армирование плоскости капроновой сеткой', 1, '30', 0),
(82, '5', 'Поклейка стеклохолста', 1, '40', 0),
(83, '5', 'Шпаклевка стен под обои', 1, '40', 0),
(84, '5', 'Шпаклевка стен под покраску', 1, '60', 0),
(85, '5', 'Отделка откосов', 2, '60', 0),
(86, '5', 'Поклейка багетов ', 2, '40', 0),
(87, '5', 'Покраска поверхности в один слой ', 1, '20', 0),
(88, '5', 'Покраска маслянной краской в один слой', 1, '30', 0),
(89, '5', 'Поклейка обоев', 1, 'от 35', 0),
(90, '5', 'Декоративная штукатурка', 1, '140', 0),
(91, '5', 'Венецианская штукатурка', 1, '250', 0),
(92, '5', '3-д Картины из гипса', 1, '1500', 0),
(93, '5', 'Художественные работы', 7, 'Договорная', 0),
(94, '6', 'Грунтовка', 1, '10', 0),
(95, '6', 'Укладка керамической плитки средних размеров', 1, '160-220', 0),
(96, '6', 'Укладка керамической плитки 100*100, 200*200.', 1, '250', 0),
(97, '6', 'Укладка декоративного камня', 7, 'Договорная', 0),
(98, '6', 'Укладка бесшовного керамогранита', 1, '250', 0),
(99, '6', 'Укладка плитки типа мозаика', 1, 'от 450', 0),
(100, '6', 'Облицовка стен штучной мозаикой', 7, 'Договорная', 0),
(101, '6', 'Сверление отверстий в плитке', 3, '50', 0),
(102, '6', 'Устройство бардюров или фризов', 2, '100', 0),
(103, '6', 'Зарезка углов под 45гр.', 2, '140', 0),
(104, '6', 'Установка пластикового угла', 2, '40', 0),
(105, '7', 'Утепление стен пенополистиролом 100мм. На клей пену с прибиванием грибков', 1, '100', 0),
(106, '7', 'Утепление откосов пенополистиролом 20мм(с штукатуркой и покраской)', 2, '150', 0),
(107, '7', 'Армирование фасадной сеткой', 1, '40', 0),
(108, '7', 'Шпаклевка в один слой', 1, '40', 0),
(109, '7', 'Покрытие стен грунтом-краской', 1, '30', 0),
(110, '7', 'Покраска стен', 1, '40', 0),
(111, '7', 'Нанесение Короеда', 1, '80', 0),
(112, '7', 'Нанесение Барашека', 1, '80', 0),
(113, '7', 'Установка отливов и карнизов', 2, '110', 0),
(114, '7', 'Герметизация швов в плитах', 2, '140', 0),
(115, '7', 'Мойка окон', 1, '30', 0),
(116, '8', 'Монтаж кабеля ВВГнг 3х1,5 ', 2, '10', 0),
(117, '8', 'Монтаж кабеля ВВГнг 3х 2,5 ', 2, '10', 0),
(118, '8', 'Монтаж кабеля шввп 2х0.75 ', 2, '10', 0),
(119, '8', 'Монтаж кабеля пвс 3х0.75 ', 2, '10', 0),
(120, '8', 'Монтаж кабеля ТВ', 2, '10', 0),
(121, '8', 'Монтаж кабеля UTP, FTP (интернет) ', 2, '10', 0),
(122, '8', 'Монтаж кабеля оптоволоконного (интернет) ', 2, '10', 0),
(123, '8', 'Монтаж гофри ø 20 ', 2, '3', 0),
(124, '8', 'Монтаж кабеля ВВГнг 3х4 ', 2, '15', 0),
(125, '8', 'Монтаж кабеля ВВГнг 3х6 ', 2, '15', 0),
(126, '8', 'Монтаж кабеля ВВГнг 3х10 ', 2, '15', 0),
(127, '8', 'Монтаж кабеля ВВГнг 5х2,5 ', 2, '15', 0),
(128, '8', 'Монтаж кабеля ВВГнг 5х4 ', 2, '15', 0),
(129, '8', 'Монтаж кабеля ВВГнг 5х6', 2, '20', 0),
(130, '8', 'Монтаж кабеля ВВГнг 5х10 ', 2, '20', 0),
(131, '8', 'Монтаж кабеля АВВГ 5х16 ', 2, '20', 0),
(132, '8', 'Монтаж контура заземления ', 0, 'от 700 ', 0),
(133, '8', 'Копка траншеи ', 0, 'договорная', 0),
(134, '8', 'Монтаж и розключение распределительной коробки ГКЛ ', 3, '90', 0),
(135, '8', 'Монтаж и розключение распределительной коробки  кирпич ', 3, '120', 0),
(136, '8', 'Монтаж и розключение распределительной коробки  бетон ', 3, '140', 0),
(137, '8', 'Монтаж штробы гипсоблок', 2, '5', 0),
(138, '8', 'Монтаж штробы кирпич ', 2, '10', 0),
(139, '8', 'Монтаж штробы штукатурка ', 2, '10', 0),
(140, '8', 'Монтаж штробы бетон ', 2, '20', 0),
(141, '8', 'Монтаж подрозетников ГКЛ', 3, '40', 0),
(142, '8', 'Монтаж подрозетников кирпич', 3, '50', 0),
(143, '8', 'Монтаж подрозетников бетон', 3, '80', 0),
(144, '8', 'Монтаж щита накладного ', 3, '100', 0),
(145, '8', 'Монтаж щита врезного ', 3, 'от 200 грн', 0),
(146, '8', 'Монтаж автомата 1п.', 3, '50', 0),
(147, '8', 'Монтаж автомата 2п', 3, '100', 0),
(148, '8', 'Монтаж автомата 3п.', 3, '150', 0),
(149, '8', 'Монтаж Диф автомата или УЗО  ', 3, '180', 0),
(150, '8', 'Монтаж ограничителя напряжения ', 3, '280', 0),
(151, '8', 'Монтаж пускателя на Дин-рейку ', 3, '150', 0),
(152, '8', 'Монтаж реле времени на Дин-рейку ', 3, '150', 0),
(153, '8', 'Монтаж сумеречного релле ', 3, '120', 0),
(154, '8', 'Монтаж и подключение датчика движения ', 3, '120', 0),
(155, '8', 'Монтаж розетки, выключателя  накладного', 3, '50', 0),
(156, '8', 'Монтаж розетки, выключателя внутреннего', 3, '30', 0),
(157, '8', 'Монтаж и подключение точечного светильника ', 3, '70', 0),
(158, '9', 'Установка/замена сифона', 3, 'от 80', 0),
(159, '9', 'Установка/замена сместителя', 3, 'от 200 ', 0),
(160, '9', 'Установка водонагревателя (бойлера)', 3, 'от 850', 0),
(161, '9', 'Установка стиральной/посудомоечной машины', 3, 'от 250', 0),
(162, '9', 'Замена унитаза (демонтаж + монтаж)', 3, 'от 400', 0),
(163, '9', 'Установка полотенцесушителя ', 3, '400', 0),
(164, '9', 'Установка ванны акриловой/стальной', 3, 'от 400', 0),
(165, '9', 'Установка ванны чугунной ', 3, 'от 1000', 0),
(166, '9', 'Установка душевой кабины', 3, 'от 1200', 0),
(167, '9', 'Установка гидромассажного бокса ', 3, 'от 1500', 0),
(168, '9', 'Установка унитаза напольного/подвесного', 3, '300', 0),
(169, '9', 'Установка консоли унитаза/биде', 3, '300', 0),
(170, '9', 'Установка биде напольного/подвесного', 3, '300', 0),
(171, '9', 'Установка умывальника ', 3, 'от 450', 0),
(172, '9', 'Установка счетчиков воды', 3, 'от 200', 0),
(173, '9', 'Развокда х./г воды и канализации (Rehau,KAN,PPR,медь,сталь)', 6, 'от 150', 0),
(174, '9', 'Прокладка труб отопления', 2, 'от 20', 0),
(175, '9', 'Штробление  в керпиче', 2, 'от 40', 0),
(176, '9', 'Штробление в бетоне', 2, 'от 80', 0);

-- --------------------------------------------------------

--
-- Структура таблицы `price_cat`
--

CREATE TABLE `price_cat` (
  `price_cat_id` int(11) NOT NULL,
  `price_cat_name` varchar(255) NOT NULL
) ENGINE=InnoDB DEFAULT CHARSET=utf8;

--
-- Дамп данных таблицы `price_cat`
--

INSERT INTO `price_cat` (`price_cat_id`, `price_cat_name`) VALUES
(1, 'Демонтажные работы\r\n'),
(2, 'Ремонт полов\r\n'),
(3, 'Ремонт потолков\r\n'),
(4, 'Ремонт стен\r\n'),
(5, 'Малярные работы\r\n'),
(6, 'Плиточные работы\r\n'),
(7, 'Фасадные работы до 3 этажа\r\n'),
(8, 'Электромонтажные услуги\r\n'),
(9, 'Сантехнические услуги\r\n');

-- --------------------------------------------------------

--
-- Структура таблицы `units`
--

CREATE TABLE `units` (
  `unit_id` int(11) NOT NULL,
  `unit_name` varchar(14) NOT NULL DEFAULT '-'
) ENGINE=InnoDB DEFAULT CHARSET=utf8;

--
-- Дамп данных таблицы `units`
--

INSERT INTO `units` (`unit_id`, `unit_name`) VALUES
(1, 'м2'),
(2, 'м/п'),
(3, 'шт.'),
(6, 'тчк.'),
(7, 'проект');

-- --------------------------------------------------------

--
-- Структура таблицы `users`
--

CREATE TABLE `users` (
  `user_id` int(11) NOT NULL,
  `user_name` varchar(255) DEFAULT NULL,
  `user_email` varchar(255) DEFAULT NULL,
  `user_password` varchar(255) DEFAULT NULL,
  `user_status` int(11) NOT NULL DEFAULT '1'
) ENGINE=InnoDB DEFAULT CHARSET=utf8;

--
-- Дамп данных таблицы `users`
--

INSERT INTO `users` (`user_id`, `user_name`, `user_email`, `user_password`, `user_status`) VALUES
(1, 'Admin', 'dreamhousesumy@gmail.com', '001f7adeb5183c14f6a541657f151870', 1);

--
-- Индексы сохранённых таблиц
--

--
-- Индексы таблицы `cat`
--
ALTER TABLE `cat`
  ADD PRIMARY KEY (`cat_id`);

--
-- Индексы таблицы `gallery`
--
ALTER TABLE `gallery`
  ADD PRIMARY KEY (`gallery_id`);

--
-- Индексы таблицы `gallery_pic`
--
ALTER TABLE `gallery_pic`
  ADD PRIMARY KEY (`gallery_pic_id`);

--
-- Индексы таблицы `price`
--
ALTER TABLE `price`
  ADD PRIMARY KEY (`price_id`);

--
-- Индексы таблицы `price_cat`
--
ALTER TABLE `price_cat`
  ADD PRIMARY KEY (`price_cat_id`);

--
-- Индексы таблицы `units`
--
ALTER TABLE `units`
  ADD PRIMARY KEY (`unit_id`);

--
-- Индексы таблицы `users`
--
ALTER TABLE `users`
  ADD PRIMARY KEY (`user_id`);

--
-- AUTO_INCREMENT для сохранённых таблиц
--

--
-- AUTO_INCREMENT для таблицы `cat`
--
ALTER TABLE `cat`
  MODIFY `cat_id` int(11) NOT NULL AUTO_INCREMENT;
--
-- AUTO_INCREMENT для таблицы `gallery`
--
ALTER TABLE `gallery`
  MODIFY `gallery_id` int(11) NOT NULL AUTO_INCREMENT;
--
-- AUTO_INCREMENT для таблицы `gallery_pic`
--
ALTER TABLE `gallery_pic`
  MODIFY `gallery_pic_id` int(11) NOT NULL AUTO_INCREMENT;
--
-- AUTO_INCREMENT для таблицы `price`
--
ALTER TABLE `price`
  MODIFY `price_id` int(11) NOT NULL AUTO_INCREMENT, AUTO_INCREMENT=177;
--
-- AUTO_INCREMENT для таблицы `price_cat`
--
ALTER TABLE `price_cat`
  MODIFY `price_cat_id` int(11) NOT NULL AUTO_INCREMENT, AUTO_INCREMENT=10;
--
-- AUTO_INCREMENT для таблицы `units`
--
ALTER TABLE `units`
  MODIFY `unit_id` int(11) NOT NULL AUTO_INCREMENT, AUTO_INCREMENT=8;
--
-- AUTO_INCREMENT для таблицы `users`
--
ALTER TABLE `users`
  MODIFY `user_id` int(11) NOT NULL AUTO_INCREMENT, AUTO_INCREMENT=2;
/*!40101 SET CHARACTER_SET_CLIENT=@OLD_CHARACTER_SET_CLIENT */;
/*!40101 SET CHARACTER_SET_RESULTS=@OLD_CHARACTER_SET_RESULTS */;
/*!40101 SET COLLATION_CONNECTION=@OLD_COLLATION_CONNECTION */;
